Text,Confidence
S56,0.5092711061804931
F3u4,0.02908615581691265
50,0.6899230682104612
